id,generation,status,bottom_band,diagonal_band,seat_band,front_seat_band,lower_tunnel_collar_mm,upper_tunnel_collar_mm,volume_ratio,movement_indicator_mm,raw_2d_peak_MPa,inner_seat_ratio,score
23f9a4e917d5,0,PASS_REDUCED_CONTACT,1.45,1.8,5.0,2.0,3.5,2.5,0.9941807125242303,4.416765988503179,17.806267806267805,1.0101054427570928,1.3638192913283012
9cb28e5dabb4,0,PASS_REDUCED_CONTACT,1.75,1.8,5.0,2.0,3.5,2.5,1.0068318654696402,4.289565957329995,13.231957024806489,0.9956213393731875,1.0697182102615086
14648bf1e012,0,PASS_REDUCED_CONTACT,1.6,1.65,5.0,2.0,3.5,2.5,0.998679633148421,4.350726550227481,36.97866974158532,1.000033621503312,7.534021278803243
4edca4daafbb,0,PASS_REDUCED_CONTACT,1.6,1.95,5.0,2.0,3.5,2.5,1.0058798487264,4.282101826158491,13.205016249649194,0.9999115492943113,1.0655659289678665
9be1dd4d87d3,0,PASS_REDUCED_CONTACT,1.6,1.8,4.5,2.0,3.5,2.5,0.9925506017515893,4.370953091956111,13.229688294071181,1.058971758444799,1.102710585663582
fb9da6a1164c,0,PASS_REDUCED_CONTACT,1.6,1.8,5.5,2.0,3.5,2.5,1.0077130578094675,4.296677591272092,13.232286157616576,1.0239443340676482,1.0748729359721134
450c7e091060,0,PASS_REDUCED_CONTACT,1.6,1.8,5.0,1.8,3.5,2.5,0.99787709217335,4.337153482273353,13.230929302508855,1.0001892754053527,1.083131516780494
a2ad21cf41c6,0,PASS_REDUCED_CONTACT,1.6,1.8,5.0,2.2,3.5,2.5,1.0023076081860185,4.333741457479045,13.230929709194477,0.9998408286383393,1.0858451285161963
c9955bfec35d,0,PASS_REDUCED_CONTACT,1.6,1.8,5.0,2.0,3.15,2.5,0.9932961758870412,4.343978280943283,13.234245825514039,1.0000002204708187,1.082037094845502
c4b4b60dbb9b,0,PASS_REDUCED_CONTACT,1.6,1.8,5.0,2.0,3.85,2.5,1.0064719131445923,4.327983572782399,60.638897420039996,0.9999997871343638,26.76460534675692
8be40f3eacba,0,PASS_REDUCED_CONTACT,1.6,1.8,5.0,2.0,3.5,2.25,0.9985009482080944,4.335487558080757,21.327260642263347,0.9999999852850333,1.8318182390799063
25f95fb04b08,0,PASS_REDUCED_CONTACT,1.6,1.8,5.0,2.0,3.5,2.75,1.0016590596874504,4.335465442747405,13.230858902769029,1.0000000061099357,1.0860618571457348
abc0da86d63e,0,PASS_REDUCED_CONTACT,1.6,1.8,5.0,2.15,3.5,2.5,1.0018564432804988,4.334147403569102,82.26535164326197,0.999871474453197,55.53343786011434
a839caa5ccbd,0,PASS_REDUCED_CONTACT,1.45,1.8,5.0,2.15,3.5,2.5,0.9960371558047288,4.415435213098603,13.226659661975662,1.0099777317576102,1.1256760782784938
684d4c9a80c5,0,PASS_REDUCED_CONTACT,1.6,1.8,5.35,1.85,3.5,2.3,1.002981518634583,4.311500009957793,130.2743870524268,1.026945602007784,157.587736482532
7cb8cefb60a8,0,PASS_REDUCED_CONTACT,1.5,1.8,5.0,2.0,3.5,2.5,0.9970726871923429,4.376507862567136,54.59479821792015,1.003949166541824,20.65093830895234
e15f55bd8a9c,0,PASS_REDUCED_CONTACT,1.6,1.7,5.3,2.2,3.5,2.5,1.0064564168455052,4.3216885938873295,13.237818304763383,1.0312861107401134,1.0860272640199153
0a3f02b2eb7a,0,PASS_REDUCED_CONTACT,1.6,1.95,5.0,2.0,3.5,2.7,1.0071498948238882,4.2820936145005115,49.9188779447091,0.9999115366395412,16.444700350867457
47761a0c065a,0,PASS_REDUCED_CONTACT,1.5,1.7,5.0,2.2,3.5,2.5,0.9984688287109301,4.384564103491837,98.45628973857868,1.0038102987046886,84.09200084637845
e38d82223292,0,PASS_REDUCED_CONTACT,1.5,1.95,5.0,2.0,3.5,2.5,1.002952535918743,4.322872303044465,113.91584744459774,1.0038615105342856,116.89971464941608
744f4808ac5d,0,PASS_REDUCED_CONTACT,1.6,1.8,5.45,1.8,3.5,2.5,1.004988586123168,4.30181042895717,13.232181354575587,1.0314308898256195,1.075281556963691
d0a5436a9e7a,0,PASS_REDUCED_CONTACT,1.6,1.8,4.55,2.2,3.5,2.7,0.9968263317138977,4.365819516893573,30.319448710019998,1.0845909801862144,4.4477520122718675
cffb53853bbc,0,PASS_REDUCED_CONTACT,1.6,1.8,5.25,2.0,3.85,2.5,1.0106137859301987,4.310612158811272,21.159742604516783,1.0793697262786943,1.8138062620229491
235e66040a3d,0,PASS_REDUCED_CONTACT,1.6,1.8,5.0,2.0,3.2,2.5,0.9942744169689686,4.34253386814559,13.229058527535836,1.000000134617924,1.0822715050890899
80ea4562a1f8,0,PASS_REDUCED_CONTACT,1.75,1.8,5.0,2.0,3.7,2.7,1.0117792313789453,4.285249509925548,13.240029137958338,0.9956212564417415,1.072805639543161
ba427016f16c,1,PASS_REDUCED_CONTACT,1.75,2.1,5.0,2.2,3.5,2.5,1.016694614743497,4.221379559628063,144.50850804948516,0.9953416317642029,197.94650194957407
3bf3d1e34695,1,PASS_REDUCED_CONTACT,1.6,1.9,5.45,1.8,3.5,2.5,1.0094842323725557,4.25827318368866,13.211146449601618,1.0313670993549224,1.0614808002759462
d123927baa3b,1,PASS_REDUCED_CONTACT,1.6,1.8,5.5,2.15,3.5,2.5,1.0095695010899663,4.295349809911635,13.232286379242378,1.0239777537837835,1.076143020133499
c26322fdce26,1,PASS_REDUCED_CONTACT,1.75,1.8,5.0,2.0,3.9,2.9,1.0168519878397078,4.281064316627252,73.95733948317064,0.995621078586862,43.20736362244847
864e54450c4d,1,PASS_REDUCED_CONTACT,1.5,1.8,4.7,2.0,3.15,2.5,0.985842084964873,4.407616027614901,56.08714024518267,1.053848649357834,22.099700426714232
3487699533bc,1,PASS_REDUCED_CONTACT,1.75,1.8,5.0,2.0,3.5,2.7,1.0081019115671286,4.289558381078272,124.54831891226718,0.995621369994155,142.64231053311642
241fed47e8fc,1,PASS_REDUCED_CONTACT,1.6,1.8,5.45,1.8,3.5,2.3,1.0038119531637069,4.301818940194686,65.48607840748251,1.0314308832939805,32.27072213896329
0c3bac68efa9,1,PASS_REDUCED_CONTACT,1.75,1.95,5.25,2.2,3.5,2.5,1.0191471258796894,4.217616824678557,13.206274723732495,1.0739994261898616,1.0656167678199302
7360ccce3684,1,PASS_REDUCED_CONTACT,1.75,1.8,5.0,2.0,3.85,2.5,1.0133037786142325,4.282087967833794,130.2743870524268,0.9956211188208216,157.58351263562122
bb18f50d233c,1,PASS_REDUCED_CONTACT,1.6,1.95,5.0,2.1,3.5,2.5,1.007163269485218,4.28121952468616,13.205016341381457,0.9998184409126916,1.0664765852837503
c72e89c8eeec,1,PASS_REDUCED_CONTACT,1.6,1.95,5.0,2.1,3.7,2.7,1.0120975071929457,4.276885005694817,89.03133903133903,0.9998182917958475,66.71319435710066
efdf5bc7658b,1,PASS_REDUCED_CONTACT,1.6,1.8,5.45,1.8,3.2,2.5,0.9992630030921366,4.308870301562937,23.40003423757848,1.0314308891851602,2.2542376955423093
dff8936ca789,1,PASS_REDUCED_CONTACT,1.6,1.8,5.45,1.65,3.5,2.65,1.0043579287749878,4.303343031042477,13.232124719752303,1.0316153822700918,1.075369755745115
4fc35c615d2e,1,PASS_REDUCED_CONTACT,1.75,1.8,5.0,2.0,3.35,2.7,1.0053391638309308,4.292941897338378,55.202609727897325,0.9956215314919311,21.195909533856245
d41d5ed3b397,1,PASS_REDUCED_CONTACT,1.6,2.1,5.0,2.0,3.5,2.5,1.0075551410878383,4.26859605783076,13.200005728303317,0.9998824727886064,1.0616630227995072
0e7420a4fced,1,PASS_REDUCED_CONTACT,1.75,1.8,5.0,2.0,3.7,2.95,1.0135196809500935,4.28523700406843,13.239950716463849,0.9956212608781954,1.0745407220620775
50d825415b68,1,PASS_REDUCED_CONTACT,1.6,1.65,5.5,2.0,3.5,2.5,1.006423684554833,4.311650749672073,13.24107735176161,1.023995965210557,1.0804211160529076
14d3851703db,1,PASS_REDUCED_CONTACT,1.75,1.8,5.0,2.15,3.8,2.5,1.014217069415851,4.281830643522517,13.247923131674664,0.995491503741557,1.0737917523721816
6ce29adb5bd6,1,PASS_REDUCED_CONTACT,1.6,1.8,5.0,2.0,3.5,2.35,0.9990896616067424,4.335482873465741,77.01210826210826,0.9999999796676299,47.560101755131654
c6463cd78c64,1,PASS_REDUCED_CONTACT,1.6,1.7,5.8,1.8,3.5,2.3,1.007731712881524,4.286282603058151,124.01606714006161,0.9992321599991425,141.2899469094035
9b521acc8d5b,1,PASS_REDUCED_CONTACT,1.75,1.8,5.5,2.0,3.5,2.5,1.0145449232791077,4.251087000948092,13.233327627398143,1.0204365782917861,1.0626638079727695
f8e49326d6d6,1,PASS_REDUCED_CONTACT,1.6,1.65,5.5,1.9,3.5,2.3,1.0040948219426293,4.3125450526107345,17.361111111111107,1.023969771887595,1.2733963234784609
a00bc7d93ac1,1,PASS_REDUCED_CONTACT,1.6,1.8,5.85,1.95,3.5,2.25,1.010572225695739,4.269428965582353,49.9188779447091,0.9839771214521666,16.442884051853916
7cdd244f989c,1,PASS_REDUCED_CONTACT,1.6,1.65,5.0,2.2,3.5,2.5,1.0009872413344394,4.3489916046662,13.239672564337965,0.9998744648731936,1.0923344697236421
8ba528639367,1,PASS_REDUCED_CONTACT,1.6,1.8,5.0,2.0,3.75,2.5,1.00458428288869,4.33019106416189,126.86965811965811,0.9999999048674312,148.62371298802316
f95a27d6e3be,2,PASS_REDUCED_CONTACT,1.75,1.95,5.25,2.0,3.5,2.5,1.0168395176936709,4.219347725639647,13.206274015056156,1.0741989588682044,1.0639355572453861
3cdb19970c6e,2,PASS_REDUCED_CONTACT,1.6,1.9,5.0,2.0,3.85,2.3,1.009790840193518,4.284271060405904,13.234389286595299,0.9999272963939088,1.0703985037752037
810ee14049e5,2,PASS_REDUCED_CONTACT,1.7,2.1,5.0,2.0,3.5,2.3,1.01115388094278,4.236672656335376,69.80162688434334,0.9954991359176932,37.61536576332636
a6cc37a7dd35,2,PASS_REDUCED_CONTACT,1.75,2.1,4.55,2.0,3.3,2.5,1.0039773362185629,4.259320737104529,13.19353040132507,1.0797364354936294,1.0671285680283498
d557a0699156,2,PASS_REDUCED_CONTACT,1.6,1.95,5.0,1.9,3.8,2.25,1.0087372702915565,4.276558188201436,13.226185562530048,1.0000124119302793,1.0661005941956143
ada421c2efba,2,PASS_REDUCED_CONTACT,1.7,1.8,5.5,1.8,3.5,2.5,1.0103655227972204,4.2663479837332785,35.87979573229593,1.0206578085559805,6.925026577493094
f4fd4356efc8,2,PASS_REDUCED_CONTACT,1.75,1.8,5.0,2.0,4.05,2.95,1.0199973262100646,4.278063568902189,62.39859743088638,0.9956209189619513,28.69702122883701
eeaa68b47e89,2,PASS_REDUCED_CONTACT,1.6,1.95,5.0,2.0,3.4,2.7,1.00531443517763,4.28438322792065,13.201682969796579,0.9999117212087312,1.0659698004195564
eb5d99f18ced,2,PASS_REDUCED_CONTACT,1.6,1.8,5.0,2.0,3.5,2.65,1.0009579653271967,4.335470692963803,80.96161261620007,1.0000000065253318,53.496090378491225
19ba245410eb,2,PASS_REDUCED_CONTACT,1.6,1.8,5.45,1.8,3.5,2.75,1.0066476458106182,4.301799372640223,17.939897866147966,1.0314309024147625,1.3302738587703902
b17b2040923f,2,PASS_REDUCED_CONTACT,1.75,1.9,5.0,2.15,4.15,2.5,1.025227051048699,4.231404282334909,30.319448710019998,0.9954176209497273,4.401634480955955
48973a3c1989,2,PASS_REDUCED_CONTACT,1.75,1.7,5.5,2.0,3.5,2.5,1.013649667640145,4.260861004652905,13.239553680750735,1.020469416400829,1.0655248591725548
ccebfd21387e,2,PASS_REDUCED_CONTACT,1.6,1.8,5.0,1.8,3.3,2.5,0.9941404255041009,4.341703334558109,20.203337032963958,1.0001894484424094,1.6371227623959108
f235641eba62,2,PASS_REDUCED_CONTACT,1.75,1.95,5.25,2.2,3.5,2.25,1.0176480740877833,4.217628454925517,70.5651601280603,1.0739994058846563,38.61994158610196
f45eb54fe665,2,PASS_REDUCED_CONTACT,1.6,2.0,5.05,1.8,3.5,2.5,1.0049458261543303,4.2787538174588455,54.59479821792015,1.0835932998689135,20.62471507577728
3032cdd34285,2,PASS_REDUCED_CONTACT,1.7,1.9,5.45,1.8,3.5,2.3,1.0130829722274972,4.226443241667217,20.203337032963958,1.0268224557359722,1.6083906552377685
ffc5cab8d32d,2,PASS_REDUCED_CONTACT,1.6,1.8,5.35,2.0,3.8,2.5,1.0113167290895408,4.303772137759418,80.76346108102018,1.0267673757410476,53.186469850788804
1ec80eb42070,2,PASS_REDUCED_CONTACT,1.6,1.95,5.5,2.0,3.5,2.65,1.014522664275431,4.243359057763818,20.02944793749038,1.0237947862530064,1.5881261338366712
150110b4402b,2,PASS_REDUCED_CONTACT,1.65,1.95,5.25,2.2,3.5,2.5,1.0139758419601286,4.254698964353374,13.206967315632905,1.0771538652990689,1.0745349516533136
0b8fd35c6a7e,2,PASS_REDUCED_CONTACT,1.6,1.8,5.1,2.0,3.5,2.5,1.0018553770370326,4.327958893787907,13.231137360437693,1.0729084427610787,1.0931544365925034
b71a71a9f369,2,PASS_REDUCED_CONTACT,1.75,2.1,4.75,2.2,3.5,2.5,1.013058358808971,4.238483882219386,13.200105782709635,1.0033514933951682,1.0557367453837492
8cf52123bc8b,2,PASS_REDUCED_CONTACT,1.6,1.7,5.2,2.1,3.25,2.5,0.9989620642983883,4.3369777057172625,159.01293230167903,1.084198285928133,243.90301119808305
693613119e4d,2,PASS_REDUCED_CONTACT,1.75,1.95,5.0,1.95,3.7,2.5,1.0158523188850317,4.23255643158145,13.21690173158908,0.9955679526212345,1.056414189287455
219ddc696172,2,PASS_REDUCED_CONTACT,1.6,1.9,5.0,2.15,3.8,2.5,1.0118895287614273,4.284008958854468,61.87678062678062,0.9997988822260155,28.108288619137866
3576e3fef1e2,2,PASS_REDUCED_CONTACT,1.5,1.8,5.5,2.0,3.5,2.3,1.0036091120423491,4.3374232360221265,13.232339993669685,1.0273963685780787,1.090501086944897
f891c2b54fa3,3,PASS_REDUCED_CONTACT,1.6,1.95,4.75,2.25,3.5,2.65,1.0062581388766199,4.29712790620929,139.67328970622057,1.0085359544903296,183.72883550389116
dbc931f5b581,3,PASS_REDUCED_CONTACT,1.6,1.9,5.0,2.1,3.5,2.75,1.0074611793933703,4.290883077335947,134.30696712658448,0.9998345175872282,168.55196987394183
3fe4e4bbba77,3,PASS_REDUCED_CONTACT,1.6,1.95,5.0,2.0,3.5,2.75,1.00753890841385,4.282089985790562,13.204928074222025,0.9999115475317383,1.0672199784763396
b0ec24a9470a,3,PASS_REDUCED_CONTACT,1.85,1.8,5.0,2.2,3.5,2.5,1.0147741699954558,4.245955966155543,68.10897435897435,0.9926218206532179,35.46712312268848
299a8100259a,3,PASS_REDUCED_CONTACT,1.75,1.7,5.5,2.0,3.25,2.65,1.0098449078558582,4.266861738719878,52.64717899456608,1.02047095318203,18.81415611938808
3ae47c0e2f6d,3,PASS_REDUCED_CONTACT,1.6,1.95,5.25,2.0,3.4,2.5,1.0081721925777722,4.267073086076076,114.24565017835057,1.0792679876569595,117.65277378532285
2b607869700a,3,PASS_REDUCED_CONTACT,1.6,1.95,5.4,1.95,3.85,2.5,1.0181555212575446,4.244556882356074,13.232140851840647,1.0527968150522689,1.06858659690758
a17daa647b03,3,PASS_REDUCED_CONTACT,1.6,2.05,5.0,1.8,3.4,2.7,1.003850779098892,4.279489667640675,48.57563548046364,1.0000825558853192,15.334869771440191
0e0c686d4694,3,PASS_REDUCED_CONTACT,1.65,1.8,5.0,2.15,3.4,2.75,1.003332479527657,4.32803205748112,65.56590708542832,0.9982601274624834,32.37603876526653
47c1e90ca52b,3,PASS_REDUCED_CONTACT,1.6,1.7,5.0,1.85,3.5,2.25,0.9959596647108786,4.346526188382397,145.59831227258184,1.0001717406074617,201.26166516323048
da754e5728dc,3,PASS_REDUCED_CONTACT,1.75,1.95,5.0,2.1,3.15,2.35,1.0064091246203395,4.244174313264107,77.41483055730973,0.9954381013984664,48.11649648123552
c4457d7fe8f5,3,PASS_REDUCED_CONTACT,1.75,1.95,4.9,2.0,3.5,2.7,1.0125477897587356,4.2441869105212655,13.205305451834544,1.0314331938649774,1.0592443165642826
b8aafcef1756,3,PASS_REDUCED_CONTACT,1.75,1.95,4.95,2.0,3.5,2.5,1.0120417667031685,4.239833613214349,136.2179487179487,1.0038363555812917,173.8647953037925
a8bea2c2206d,3,PASS_REDUCED_CONTACT,1.6,1.95,5.0,1.9,3.8,2.3,1.0090596891240007,4.276555505068629,13.226173796133324,1.000012394887694,1.0664218999690904
a6c3c63c0e92,3,PASS_REDUCED_CONTACT,1.6,1.65,5.0,2.0,3.5,2.35,0.9977692947551632,4.350732747904388,32.05353026007425,1.0000336252805395,5.137731360028089
f9ad9cdbc331,3,PASS_REDUCED_CONTACT,1.9,1.85,5.5,2.0,3.5,2.5,1.0282023484376697,4.143127212280997,13.227619705499235,1.0148274821463916,1.0440061060627701
2eedef759491,3,PASS_REDUCED_CONTACT,1.6,1.9,5.0,1.65,3.5,2.5,1.000807168445075,4.294994469782105,13.209859677933585,1.0002714994541786,1.066073618770501
eea79d51d592,3,PASS_REDUCED_CONTACT,1.75,1.7,5.5,2.2,3.5,2.5,1.0159572758261632,4.259131591562071,44.903920308507765,1.0205112513874093,12.52829007143434
eb9992889ce6,3,PASS_REDUCED_CONTACT,1.5,2.1,5.0,2.1,3.5,2.75,1.0075703087264494,4.30840340070136,13.200350339495175,1.0037399494193708,1.078932776342891
4cd61ffc360c,3,PASS_REDUCED_CONTACT,1.6,1.95,5.25,2.35,3.5,2.5,1.0140328194976824,4.261982854895493,13.205599242680982,1.0788955641302649,1.0779581017709425
c0d5405eaafc,3,PASS_REDUCED_CONTACT,1.65,1.95,5.0,2.2,3.5,2.75,1.0115070981499483,4.271987806374239,60.638897420039996,0.99814067050277,26.74444363886315
b92a481e931d,3,PASS_REDUCED_CONTACT,1.75,1.7,5.5,2.15,4.05,2.5,1.0257048179119148,4.247859532689426,57.345476032037,1.0205005155295943,23.3063809262956
9430f22b1979,3,PASS_REDUCED_CONTACT,1.75,1.8,5.0,2.05,3.45,2.35,1.0056062905002794,4.290369110942573,17.806267806267805,0.9955813616199963,1.3080058779201278
b05ff9fa4c17,3,PASS_REDUCED_CONTACT,1.5,1.8,4.75,2.0,3.5,2.5,0.9934169669367157,4.394021653676106,13.230398423575945,1.0135730584365774,1.110225220441601
764e92a0cfeb,3,PASS_REDUCED_CONTACT,1.65,2.1,4.75,2.05,3.8,2.25,1.0101908337597856,4.270656781757402,13.227276282531905,1.006738892333304,1.0652229792330008
